-- phpMyAdmin SQL Dump
-- version 4.5.4.1deb2ubuntu2
-- http://www.phpmyadmin.net
--
-- Host: localhost
-- Generation Time: Apr 08, 2018 at 08:48 PM
-- Server version: 5.7.21-0ubuntu0.16.04.1
-- PHP Version: 7.0.28-0ubuntu0.16.04.1

SET SQL_MODE = "NO_AUTO_VALUE_ON_ZERO";
SET time_zone = "+00:00";


/*!40101 SET @OLD_CHARACTER_SET_CLIENT=@@CHARACTER_SET_CLIENT */;
/*!40101 SET @OLD_CHARACTER_SET_RESULTS=@@CHARACTER_SET_RESULTS */;
/*!40101 SET @OLD_COLLATION_CONNECTION=@@COLLATION_CONNECTION */;
/*!40101 SET NAMES utf8mb4 */;

--
-- Database: `monitoring_website`
--

-- --------------------------------------------------------

--
-- Table structure for table `logs`
--

CREATE TABLE `logs` (
  `id` int(11) NOT NULL,
  `etats` int(3) NOT NULL,
  `date` datetime NOT NULL DEFAULT CURRENT_TIMESTAMP,
  `website_id` int(11) NOT NULL
) ENGINE=InnoDB DEFAULT CHARSET=utf8mb4;

--
-- Dumping data for table `logs`
--

INSERT INTO `logs` (`id`, `etats`, `date`, `website_id`) VALUES
(1, 200, '2018-04-02 02:12:25', 1),
(2, 200, '2018-04-02 02:14:25', 1),
(3, 200, '2018-04-02 08:20:00', 2),
(4, 404, '2018-04-02 08:22:00', 2),
(5, 500, '2018-04-05 18:22:42', 3),
(6, 200, '2018-04-05 18:22:56', 3),
(7, 200, '2018-04-06 12:26:42', 1),
(8, 200, '2018-04-06 12:26:44', 2),
(9, 200, '2018-04-06 12:26:44', 3),
(10, 200, '2018-04-06 12:26:52', 1),
(11, 200, '2018-04-06 12:26:53', 2),
(12, 200, '2018-04-06 12:26:53', 3),
(13, 200, '2018-04-06 12:27:02', 1),
(14, 200, '2018-04-06 12:27:03', 2),
(15, 200, '2018-04-06 12:27:03', 3),
(16, 200, '2018-04-06 12:27:12', 1),
(17, 200, '2018-04-06 12:27:13', 2),
(18, 200, '2018-04-06 12:27:13', 3),
(19, 200, '2018-04-06 12:27:22', 1),
(20, 200, '2018-04-06 12:27:23', 2),
(21, 200, '2018-04-06 12:27:24', 3),
(22, 200, '2018-04-06 12:27:33', 1),
(23, 200, '2018-04-06 12:27:35', 2),
(24, 200, '2018-04-06 12:27:35', 3),
(26, 200, '2018-04-06 12:27:42', 1),
(27, 200, '2018-04-06 12:27:43', 2),
(28, 200, '2018-04-06 12:27:44', 3),
(30, 200, '2018-04-06 12:27:52', 1),
(31, 200, '2018-04-06 12:27:53', 2),
(32, 200, '2018-04-06 12:27:53', 3),
(34, 200, '2018-04-06 12:27:58', 1),
(35, 200, '2018-04-06 12:27:59', 2),
(36, 200, '2018-04-06 12:28:00', 3),
(38, 200, '2018-04-06 12:28:02', 1),
(39, 200, '2018-04-06 12:28:03', 2),
(40, 200, '2018-04-06 12:28:03', 3),
(42, 200, '2018-04-06 12:28:12', 1),
(43, 200, '2018-04-06 12:28:13', 2),
(44, 200, '2018-04-06 12:28:14', 3),
(46, 200, '2018-04-06 12:28:22', 1),
(47, 200, '2018-04-06 12:28:23', 2),
(48, 200, '2018-04-06 12:28:23', 3),
(51, 200, '2018-04-06 12:28:32', 1),
(52, 200, '2018-04-06 12:28:33', 2),
(53, 200, '2018-04-06 12:28:34', 3),
(56, 200, '2018-04-06 12:28:42', 1),
(57, 200, '2018-04-06 12:28:43', 2),
(58, 200, '2018-04-06 12:28:44', 3),
(61, 200, '2018-04-06 12:28:52', 1),
(62, 200, '2018-04-06 12:28:53', 2),
(63, 200, '2018-04-06 12:28:53', 3),
(66, 200, '2018-04-06 12:29:02', 1),
(67, 200, '2018-04-06 12:29:03', 2),
(68, 200, '2018-04-06 12:29:04', 3),
(71, 200, '2018-04-06 12:29:12', 1),
(72, 200, '2018-04-06 12:29:13', 2),
(73, 200, '2018-04-06 12:29:13', 3),
(77, 200, '2018-04-06 12:29:22', 1),
(78, 200, '2018-04-06 12:29:24', 2),
(79, 200, '2018-04-06 12:29:24', 3),
(83, 200, '2018-04-06 12:29:32', 1),
(84, 200, '2018-04-06 12:29:33', 2),
(85, 200, '2018-04-06 12:29:33', 3),
(89, 200, '2018-04-08 09:30:28', 1),
(90, 200, '2018-04-08 09:30:28', 1),
(91, 200, '2018-04-08 09:30:28', 2),
(92, 200, '2018-04-08 09:30:28', 3),
(94, 200, '2018-04-08 09:30:28', 2),
(95, 200, '2018-04-08 09:30:29', 3),
(101, 200, '2018-04-08 09:32:27', 1),
(102, 200, '2018-04-08 09:32:28', 2),
(103, 200, '2018-04-08 09:32:28', 1),
(104, 200, '2018-04-08 09:32:28', 3),
(106, 200, '2018-04-08 09:32:29', 2),
(107, 200, '2018-04-08 09:32:29', 3),
(113, 200, '2018-04-08 09:34:27', 1),
(114, 200, '2018-04-08 09:34:28', 1),
(115, 200, '2018-04-08 09:34:28', 2),
(116, 200, '2018-04-08 09:34:28', 3),
(118, 200, '2018-04-08 09:34:28', 2),
(119, 200, '2018-04-08 09:34:29', 3),
(125, 200, '2018-04-08 09:36:27', 1),
(126, 200, '2018-04-08 09:36:28', 2),
(127, 200, '2018-04-08 09:36:28', 3),
(131, 200, '2018-04-08 09:38:28', 1),
(132, 200, '2018-04-08 09:38:29', 2),
(133, 200, '2018-04-08 09:38:29', 3),
(141, 200, '2018-04-08 09:44:20', 1),
(142, 200, '2018-04-08 09:44:21', 1),
(143, 200, '2018-04-08 09:44:21', 2),
(144, 200, '2018-04-08 09:44:21', 3),
(146, 200, '2018-04-08 09:44:21', 2),
(147, 200, '2018-04-08 09:44:22', 3),
(149, 200, '2018-04-08 09:46:20', 1),
(150, 200, '2018-04-08 09:46:21', 1),
(151, 200, '2018-04-08 09:46:21', 2),
(152, 200, '2018-04-08 09:46:21', 3),
(154, 200, '2018-04-08 09:46:22', 2),
(155, 200, '2018-04-08 09:46:22', 3),
(157, 200, '2018-04-08 09:48:21', 1),
(158, 200, '2018-04-08 09:48:21', 1),
(159, 200, '2018-04-08 09:48:21', 2),
(160, 200, '2018-04-08 09:48:21', 3),
(161, 200, '2018-04-08 09:48:21', 2),
(162, 200, '2018-04-08 09:48:22', 3),
(165, 200, '2018-04-08 09:50:21', 1),
(166, 200, '2018-04-08 09:50:21', 1),
(167, 200, '2018-04-08 09:50:21', 2),
(168, 200, '2018-04-08 09:50:21', 2),
(169, 200, '2018-04-08 09:50:22', 3),
(170, 200, '2018-04-08 09:50:22', 3),
(173, 200, '2018-04-08 09:52:21', 1),
(174, 200, '2018-04-08 09:52:21', 1),
(175, 200, '2018-04-08 09:52:22', 2),
(176, 200, '2018-04-08 09:52:22', 2),
(177, 200, '2018-04-08 09:52:22', 3),
(178, 200, '2018-04-08 09:52:22', 3),
(181, 200, '2018-04-08 10:46:26', 1),
(182, 200, '2018-04-08 10:46:26', 1),
(183, 200, '2018-04-08 10:46:26', 2),
(184, 200, '2018-04-08 10:46:26', 2),
(185, 200, '2018-04-08 10:46:27', 3),
(186, 999, '2018-04-08 10:46:27', 7),
(187, 200, '2018-04-08 10:46:27', 3),
(188, 999, '2018-04-08 10:46:27', 7),
(189, 200, '2018-04-08 10:54:27', 1),
(190, 200, '2018-04-08 10:54:27', 2),
(191, 200, '2018-04-08 10:54:28', 3),
(192, 999, '2018-04-08 10:54:28', 7),
(193, 200, '2018-04-08 10:55:04', 1),
(194, 200, '2018-04-08 10:55:04', 2),
(195, 200, '2018-04-08 10:55:05', 3),
(196, 999, '2018-04-08 10:55:05', 7),
(197, 200, '2018-04-08 10:56:27', 1),
(198, 200, '2018-04-08 10:56:27', 2),
(199, 200, '2018-04-08 10:56:28', 3),
(200, 999, '2018-04-08 10:56:28', 7),
(201, 200, '2018-04-08 10:57:05', 1),
(202, 200, '2018-04-08 10:57:05', 2),
(203, 200, '2018-04-08 10:57:05', 3),
(204, 999, '2018-04-08 10:57:05', 7),
(205, 200, '2018-04-08 10:58:27', 1),
(206, 200, '2018-04-08 10:58:28', 2),
(207, 200, '2018-04-08 10:58:28', 3),
(208, 999, '2018-04-08 10:58:28', 7),
(209, 200, '2018-04-08 11:00:27', 1),
(210, 200, '2018-04-08 11:00:27', 2),
(211, 200, '2018-04-08 11:00:27', 3),
(212, 999, '2018-04-08 11:00:27', 7),
(213, 200, '2018-04-08 11:01:01', 1),
(214, 200, '2018-04-08 11:01:01', 2),
(215, 200, '2018-04-08 11:01:02', 3),
(216, 999, '2018-04-08 11:01:02', 7),
(217, 200, '2018-04-08 11:02:27', 1),
(218, 200, '2018-04-08 11:02:28', 2),
(219, 200, '2018-04-08 11:02:28', 3),
(220, 999, '2018-04-08 11:02:28', 7),
(221, 200, '2018-04-08 11:03:00', 1),
(222, 200, '2018-04-08 11:03:00', 2),
(223, 200, '2018-04-08 11:03:00', 3),
(224, 999, '2018-04-08 11:03:00', 7),
(225, 200, '2018-04-08 11:04:27', 1),
(226, 200, '2018-04-08 11:04:27', 2),
(227, 200, '2018-04-08 11:04:28', 3),
(228, 999, '2018-04-08 11:04:28', 7),
(229, 200, '2018-04-08 11:05:46', 1),
(230, 200, '2018-04-08 11:05:47', 2),
(231, 200, '2018-04-08 11:05:47', 3),
(232, 999, '2018-04-08 11:05:47', 7),
(233, 200, '2018-04-08 11:06:27', 1),
(234, 999, '2018-04-08 11:06:27', 2),
(235, 200, '2018-04-08 11:06:27', 3),
(236, 999, '2018-04-08 11:06:27', 7),
(237, 200, '2018-04-08 11:08:27', 1),
(238, 999, '2018-04-08 11:08:27', 2),
(239, 200, '2018-04-08 11:08:28', 3),
(240, 999, '2018-04-08 11:08:28', 7),
(241, 200, '2018-04-08 11:08:55', 1),
(242, 999, '2018-04-08 11:08:55', 2),
(243, 200, '2018-04-08 11:08:55', 3),
(244, 999, '2018-04-08 11:08:55', 7),
(245, 200, '2018-04-08 11:10:27', 1),
(246, 999, '2018-04-08 11:10:27', 2),
(247, 200, '2018-04-08 11:10:27', 3),
(248, 999, '2018-04-08 11:10:27', 7),
(249, 200, '2018-04-08 11:12:27', 1),
(250, 999, '2018-04-08 11:12:27', 2),
(251, 200, '2018-04-08 11:12:27', 3),
(252, 999, '2018-04-08 11:12:27', 7),
(253, 200, '2018-04-08 11:14:26', 1),
(254, 999, '2018-04-08 11:14:26', 2),
(255, 200, '2018-04-08 11:14:27', 3),
(256, 999, '2018-04-08 11:14:27', 7),
(257, 200, '2018-04-08 11:16:27', 1),
(258, 200, '2018-04-08 11:16:27', 2),
(259, 200, '2018-04-08 11:16:27', 3),
(260, 999, '2018-04-08 11:16:27', 7),
(261, 999, '2018-04-08 19:05:22', 1),
(262, 999, '2018-04-08 19:05:22', 2),
(263, 999, '2018-04-08 19:05:22', 3),
(264, 999, '2018-04-08 19:05:22', 7),
(265, 999, '2018-04-08 19:05:23', 1),
(266, 999, '2018-04-08 19:05:23', 2),
(267, 999, '2018-04-08 19:05:23', 3),
(268, 999, '2018-04-08 19:05:23', 7),
(269, 999, '2018-04-08 19:07:22', 1),
(270, 999, '2018-04-08 19:07:22', 2),
(271, 999, '2018-04-08 19:07:22', 3),
(272, 999, '2018-04-08 19:07:22', 7),
(273, 999, '2018-04-08 19:07:23', 1),
(274, 999, '2018-04-08 19:07:23', 2),
(275, 999, '2018-04-08 19:07:23', 3),
(276, 999, '2018-04-08 19:07:23', 7),
(277, 200, '2018-04-08 19:09:33', 1),
(278, 200, '2018-04-08 19:09:34', 1),
(279, 200, '2018-04-08 19:09:43', 2),
(280, 200, '2018-04-08 19:09:43', 2),
(281, 200, '2018-04-08 19:09:47', 3),
(282, 999, '2018-04-08 19:09:47', 7),
(283, 200, '2018-04-08 19:09:47', 3),
(284, 999, '2018-04-08 19:09:47', 7),
(285, 999, '2018-04-08 19:11:27', 1),
(286, 999, '2018-04-08 19:11:28', 1),
(287, 200, '2018-04-08 19:11:38', 2),
(288, 200, '2018-04-08 19:11:40', 2),
(289, 200, '2018-04-08 19:11:41', 3),
(290, 999, '2018-04-08 19:11:41', 7),
(291, 200, '2018-04-08 19:11:42', 3),
(292, 999, '2018-04-08 19:11:42', 7),
(293, 200, '2018-04-08 19:13:30', 1),
(294, 200, '2018-04-08 19:13:32', 1),
(295, 200, '2018-04-08 19:13:36', 2),
(296, 200, '2018-04-08 19:13:38', 3),
(297, 999, '2018-04-08 19:13:38', 7),
(298, 200, '2018-04-08 19:13:38', 2),
(299, 200, '2018-04-08 19:13:40', 3),
(300, 999, '2018-04-08 19:13:40', 7),
(301, 200, '2018-04-08 19:15:38', 1),
(302, 200, '2018-04-08 19:15:41', 1),
(303, 999, '2018-04-08 19:15:42', 2),
(304, 200, '2018-04-08 19:15:45', 3),
(305, 999, '2018-04-08 19:15:45', 7),
(306, 999, '2018-04-08 19:15:46', 2),
(307, 200, '2018-04-08 19:15:48', 3),
(308, 999, '2018-04-08 19:15:48', 7),
(309, 200, '2018-04-08 19:17:23', 1),
(310, 200, '2018-04-08 19:17:24', 2),
(311, 200, '2018-04-08 19:17:25', 1),
(312, 200, '2018-04-08 19:17:25', 3),
(313, 999, '2018-04-08 19:17:25', 7),
(314, 200, '2018-04-08 19:17:25', 2),
(315, 200, '2018-04-08 19:17:25', 3),
(316, 999, '2018-04-08 19:17:25', 7),
(317, 200, '2018-04-08 19:19:24', 1),
(318, 200, '2018-04-08 19:19:24', 2),
(319, 200, '2018-04-08 19:19:25', 3),
(320, 999, '2018-04-08 19:19:25', 7),
(321, 200, '2018-04-08 19:19:25', 1),
(322, 200, '2018-04-08 19:19:25', 2),
(323, 200, '2018-04-08 19:19:25', 3),
(324, 999, '2018-04-08 19:19:25', 7),
(325, 200, '2018-04-08 19:21:23', 1),
(326, 200, '2018-04-08 19:21:24', 2),
(327, 200, '2018-04-08 19:21:25', 1),
(328, 200, '2018-04-08 19:21:25', 3),
(329, 999, '2018-04-08 19:21:25', 7),
(330, 200, '2018-04-08 19:21:25', 2),
(331, 200, '2018-04-08 19:21:25', 3),
(332, 999, '2018-04-08 19:21:25', 7),
(333, 200, '2018-04-08 19:23:23', 1),
(334, 200, '2018-04-08 19:23:24', 2),
(335, 200, '2018-04-08 19:23:25', 1),
(336, 200, '2018-04-08 19:23:25', 3),
(337, 999, '2018-04-08 19:23:25', 7),
(338, 200, '2018-04-08 19:23:25', 2),
(339, 200, '2018-04-08 19:23:25', 3),
(340, 999, '2018-04-08 19:23:25', 7),
(341, 200, '2018-04-08 19:25:23', 1),
(342, 200, '2018-04-08 19:25:24', 2),
(343, 200, '2018-04-08 19:25:24', 3),
(344, 999, '2018-04-08 19:25:24', 7),
(345, 200, '2018-04-08 19:25:26', 1),
(346, 200, '2018-04-08 19:25:26', 2),
(347, 200, '2018-04-08 19:25:26', 3),
(348, 999, '2018-04-08 19:25:26', 7),
(349, 200, '2018-04-08 19:37:27', 1),
(350, 200, '2018-04-08 19:37:28', 1),
(351, 200, '2018-04-08 19:37:28', 2),
(352, 200, '2018-04-08 19:37:29', 3),
(353, 999, '2018-04-08 19:37:29', 7),
(354, 200, '2018-04-08 19:37:29', 2),
(355, 200, '2018-04-08 19:37:29', 3),
(356, 999, '2018-04-08 19:37:29', 7);

-- --------------------------------------------------------

--
-- Table structure for table `user`
--

CREATE TABLE `user` (
  `id` int(11) NOT NULL,
  `pseudo` varchar(255) NOT NULL,
  `password` varchar(255) NOT NULL,
  `is_admin` tinyint(1) NOT NULL
) ENGINE=InnoDB DEFAULT CHARSET=utf8mb4;

--
-- Dumping data for table `user`
--

INSERT INTO `user` (`id`, `pseudo`, `password`, `is_admin`) VALUES
(1, 'admin', '$argon2i$v=19$m=512,t=2,p=2$07qXMsb4P4fQ+p9T6l3rvQ$hWU817VMNDP/E9l21rYOKQ', 1),
(2, 'user', '$argon2i$v=19$m=512,t=2,p=2$07qXMsb4P4fQ+p9T6l3rvQ$hWU817VMNDP/E9l21rYOKQ', 0);

-- --------------------------------------------------------

--
-- Table structure for table `website_list`
--

CREATE TABLE `website_list` (
  `id` int(11) NOT NULL,
  `link` varchar(255) NOT NULL,
  `site_name` varchar(255) NOT NULL
) ENGINE=InnoDB DEFAULT CHARSET=utf8mb4;

--
-- Dumping data for table `website_list`
--

INSERT INTO `website_list` (`id`, `link`, `site_name`) VALUES
(1, 'https://facebook.com/', 'Facebook'),
(2, 'https://www.github.io', 'GitHub'),
(3, 'http://www.google.fr', 'Google'),
(7, 'hfyopuyfubnpo', 'iiih');

--
-- Indexes for dumped tables
--

--
-- Indexes for table `logs`
--
ALTER TABLE `logs`
  ADD PRIMARY KEY (`id`),
  ADD KEY `FOREIGN_KEY_historique_website` (`website_id`);

--
-- Indexes for table `user`
--
ALTER TABLE `user`
  ADD PRIMARY KEY (`id`);

--
-- Indexes for table `website_list`
--
ALTER TABLE `website_list`
  ADD PRIMARY KEY (`id`);

--
-- AUTO_INCREMENT for dumped tables
--

--
-- AUTO_INCREMENT for table `logs`
--
ALTER TABLE `logs`
  MODIFY `id` int(11) NOT NULL AUTO_INCREMENT, AUTO_INCREMENT=357;
--
-- AUTO_INCREMENT for table `user`
--
ALTER TABLE `user`
  MODIFY `id` int(11) NOT NULL AUTO_INCREMENT, AUTO_INCREMENT=3;
--
-- AUTO_INCREMENT for table `website_list`
--
ALTER TABLE `website_list`
  MODIFY `id` int(11) NOT NULL AUTO_INCREMENT, AUTO_INCREMENT=8;
--
-- Constraints for dumped tables
--

--
-- Constraints for table `logs`
--
ALTER TABLE `logs`
  ADD CONSTRAINT `FOREIGN_KEY_historique_website` FOREIGN KEY (`website_id`) REFERENCES `website_list` (`id`) ON DELETE CASCADE;

/*!40101 SET CHARACTER_SET_CLIENT=@OLD_CHARACTER_SET_CLIENT */;
/*!40101 SET CHARACTER_SET_RESULTS=@OLD_CHARACTER_SET_RESULTS */;
/*!40101 SET COLLATION_CONNECTION=@OLD_COLLATION_CONNECTION */;
